-- phpMyAdmin SQL Dump
-- version 4.8.5
-- https://www.phpmyadmin.net/
--
-- Host: localhost
-- Generation Time: Nov 12, 2019 at 02:20 PM
-- Server version: 5.7.27-0ubuntu0.18.04.1
-- PHP Version: 7.2.24-0ubuntu0.18.04.1

SET SQL_MODE = "NO_AUTO_VALUE_ON_ZERO";
SET AUTOCOMMIT = 0;
START TRANSACTION;
SET time_zone = "+00:00";


/*!40101 SET @OLD_CHARACTER_SET_CLIENT=@@CHARACTER_SET_CLIENT */;
/*!40101 SET @OLD_CHARACTER_SET_RESULTS=@@CHARACTER_SET_RESULTS */;
/*!40101 SET @OLD_COLLATION_CONNECTION=@@COLLATION_CONNECTION */;
/*!40101 SET NAMES utf8mb4 */;

--
-- Database: `task_manager`
--

-- --------------------------------------------------------

--
-- Table structure for table `alot_city`
--

CREATE TABLE `alot_city` (
  `id` int(11) NOT NULL,
  `user_id` varchar(200) NOT NULL,
  `country` varchar(250) NOT NULL,
  `state` varchar(250) NOT NULL,
  `city` varchar(250) NOT NULL,
  `pin` varchar(150) NOT NULL,
  `added_on` varchar(150) NOT NULL,
  `status` int(11) NOT NULL DEFAULT '1' COMMENT '1=active,2=not-current',
  `on_day` int(11) NOT NULL DEFAULT '0' COMMENT '0= all days,1=sunday,2,3,4,5,6,7'
) ENGINE=InnoDB DEFAULT CHARSET=latin1;

-- --------------------------------------------------------

--
-- Table structure for table `auth`
--

CREATE TABLE `auth` (
  `id` int(11) NOT NULL,
  `user_id` varchar(150) NOT NULL,
  `token` text NOT NULL,
  `expire_time` varchar(200) NOT NULL,
  `added_on` varchar(150) NOT NULL,
  `update_on` varchar(150) DEFAULT NULL
) ENGINE=InnoDB DEFAULT CHARSET=latin1;

--
-- Dumping data for table `auth`
--

INSERT INTO `auth` (`id`, `user_id`, `token`, `expire_time`, `added_on`, `update_on`) VALUES
(1, '2', '5617146dc0632efb90d5a985a8a3d8bb89e47554cd7880f0e48b061a1bc2871b839a2b5f5f356463616139363165373361353331.eyJ1c2VyX2lkIjoiMiJ9', '1573566321', '1573206796', '1573562721'),
(2, '1', 'e8c6093e010293db412534dae816681b186c821df1f717804e234bf5eb92412cb60b365f5f3564636137323230363232653335.eyJ1c2VyX2lkIjoiMSJ9', '1573552176', '1573293302', '1573548576'),
(3, '6', '66094e242e6201980019c3482ca5451a8036d40af53b2e1e0d4e94e21e771c1b1191945f5f356463613736613066323663373339.eyJ1c2VyX2lkIjoiNiJ9', '1573553328', '1573549026', '1573549728');

-- --------------------------------------------------------

--
-- Table structure for table `check_in_out`
--

CREATE TABLE `check_in_out` (
  `id` int(11) NOT NULL,
  `user_id` varchar(150) NOT NULL,
  `check_in_date` varchar(150) NOT NULL,
  `in_time` varchar(150) NOT NULL,
  `out_time` varchar(150) NOT NULL,
  `status` tinyint(4) NOT NULL DEFAULT '0' COMMENT '0 = inactive ,1 = active ,2 = finish',
  `added_on` varchar(150) NOT NULL,
  `task_id` int(11) NOT NULL,
  `check_out_date` varchar(150) NOT NULL
) ENGINE=InnoDB DEFAULT CHARSET=latin1;

--
-- Dumping data for table `check_in_out`
--

INSERT INTO `check_in_out` (`id`, `user_id`, `check_in_date`, `in_time`, `out_time`, `status`, `added_on`, `task_id`, `check_out_date`) VALUES
(1, '2', '1573291679', '1573210133', '1573210133', 2, '1573293311', 1, '1573291679'),
(2, '2', '1573291679', '1573210133', '', 1, '1573302287', 1, ''),
(3, '2', '1573291679', '1573210133', '', 1, '1573303239', 1, ''),
(4, '2', '1573291679', '1573210133', '', 1, '1573303401', 1, ''),
(5, '2', '1573291679', '1573210133', '', 1, '1573303411', 1, ''),
(6, '2', '1573291679', '1573210133', '', 1, '1573303469', 1, ''),
(7, '2', '1573291679', '1573210133', '', 1, '1573303519', 1, ''),
(8, '2', '1573291679', '1573210133', '', 1, '1573304828', 1, ''),
(9, '2', '1573291679', '1573210133', '', 1, '1573304838', 1, ''),
(10, '2', '1573291679', '1573210133', '', 1, '1573305094', 1, ''),
(11, '2', '1573291679', '1573210133', '', 1, '1573305099', 1, ''),
(12, '2', '1573291679', '1573210133', '', 1, '1573305101', 1, ''),
(13, '2', '1573291679', '1573210133', '', 1, '1573305111', 1, ''),
(14, '2', '1573291679', '1573210133', '', 1, '1573305111', 1, ''),
(15, '2', '1573291679', '1573210133', '', 1, '1573305111', 1, ''),
(16, '2', '1573291679', '1573210133', '', 1, '1573305112', 1, ''),
(17, '2', '1573291679', '1573210133', '', 1, '1573305381', 1, ''),
(18, '2', '1573291679', '1573210133', '', 1, '1573305424', 1, ''),
(19, '2', '1573291679', '1573210133', '', 1, '1573305437', 1, ''),
(20, '2', '1573291679', '1573210133', '', 1, '1573305494', 1, ''),
(21, '2', '1573291679', '1573210133', '', 1, '1573305512', 1, ''),
(22, '2', '1573291679', '1573210133', '', 1, '1573305526', 1, ''),
(23, '2', '1573291679', '1573210133', '', 1, '1573306847', 1, ''),
(24, '2', '1573291679', '1573210133', '', 1, '1573306869', 1, ''),
(25, '2', '1573291679', '1573210133', '', 1, '1573306900', 1, ''),
(26, '2', '1573291679', '1573210133', '', 1, '1573307267', 1, ''),
(27, '2', '1573291679', '1573210133', '', 1, '1573309006', 1, ''),
(28, '2', '1573291679', '1573210133', '', 1, '1573309062', 1, ''),
(29, '2', '1573291679', '1573210133', '', 1, '1573309130', 1, ''),
(30, '2', '1573291679', '1573210133', '', 1, '1573309231', 1, ''),
(31, '2', '1573291679', '1573210133', '', 1, '1573309310', 1, ''),
(32, '2', '1573291679', '1573210133', '', 1, '1573309382', 1, ''),
(33, '2', '1573291679', '1573210133', '1573210133', 1, '1573310239', 1, '1573291679'),
(34, '2', '1573291679', '1573210133', '1573210133', 1, '1573310569', 2, '1573291679');

-- --------------------------------------------------------

--
-- Table structure for table `comments`
--

CREATE TABLE `comments` (
  `id` int(11) NOT NULL,
  `task_id` varchar(150) NOT NULL,
  `comment_by` varchar(150) NOT NULL,
  `comment` longtext NOT NULL,
  `status` int(11) NOT NULL COMMENT '0=pending,1=viewed,2=solved',
  `added_on` varchar(150) NOT NULL,
  `update_on` varchar(150) NOT NULL,
  `comment_to` varchar(250) NOT NULL,
  `ip` varchar(30) NOT NULL
) ENGINE=InnoDB DEFAULT CHARSET=latin1;

--
-- Dumping data for table `comments`
--

INSERT INTO `comments` (`id`, `task_id`, `comment_by`, `comment`, `status`, `added_on`, `update_on`, `comment_to`, `ip`) VALUES
(1, '1', '2', 'test', 0, '1573282822', '1573282822', '5', '183.182.86.245'),
(2, '1', '2', 'test', 0, '1573282858', '1573282858', '5', '183.182.86.245'),
(3, '1', '2', 'test', 0, '1573297257', '1573297257', '1', '183.182.86.245'),
(4, '1', '2', 'test', 0, '1573297328', '1573297328', '1', '183.182.86.245'),
(5, '1', '2', 'ssd', 0, '1573297576', '1573297576', '1', '183.182.86.245'),
(6, '1', '2', 'dsaas', 0, '1573297700', '1573297700', '1', '183.182.86.245'),
(7, '1', '2', 'XzXZXZ', 0, '1573302374', '1573302374', '1', '183.182.86.245'),
(8, '1', '2', 'test', 0, '1573302416', '1573302416', '1', '183.182.86.245'),
(9, '1', '2', 'cxzczczc', 0, '1573306970', '1573306970', '1', '183.182.86.245'),
(10, '2', '2', 'gdfgd', 0, '1573310537', '1573310537', '1', '183.182.86.245'),
(11, '2', '2', 'gdfgfdg', 0, '1573310545', '1573310545', '1', '183.182.86.245'),
(12, '3', '2', 'dasdsa', 0, '1573311050', '1573311050', '1', '183.182.86.245'),
(13, '3', '2', 'sdasdsa', 0, '1573311060', '1573311060', '1', '183.182.86.245'),
(14, '3', '2', 'asdasd', 0, '1573311071', '1573311071', '1', '183.182.86.245'),
(15, '3', '2', 'dasdsa', 0, '1573311167', '1573311167', '1', '183.182.86.245'),
(16, '4', '2', 'dasdas', 0, '1573311175', '1573311175', '1', '183.182.86.245'),
(17, '7', '2', 'qwerty is the ', 0, '1573450884', '1573450884', '5', '157.34.191.233'),
(18, '7', '2', 'ru0eu', 0, '1573450888', '1573450888', '5', '157.34.191.233'),
(19, '7', '2', 'mhzmhzmhsmhs', 0, '1573554131', '1573554131', '5', '157.34.148.216'),
(20, '1', '5', 'ffff', 0, '1573565261', '1573565261', '2', '183.182.86.245'),
(21, '1', '5', 'ffff', 0, '1573565269', '1573565269', '2', '183.182.86.245'),
(22, '1', '5', 'ffffgg', 0, '1573565361', '1573565361', '2', '183.182.86.245'),
(23, '1', '5', 'ffffgg', 0, '1573565419', '1573565419', '2', '183.182.86.245'),
(24, '1', '5', 'ffffgg', 0, '1573565424', '1573565424', '2', '183.182.86.245'),
(25, '1', '5', '66', 0, '1573565472', '1573565472', '2', '183.182.86.245'),
(26, '1', '5', 'ggg', 0, '1573566286', '1573566286', '2', '183.182.86.245'),
(27, '1', '5', 'gg', 0, '1573566761', '1573566761', '2', '183.182.86.245'),
(28, '1', '5', 'gggg', 0, '1573566782', '1573566782', '2', '183.182.86.245'),
(29, '1', '5', 'ffff', 0, '1573567076', '1573567076', '2', '183.182.86.245'),
(30, '1', '5', 'abhi', 0, '1573567102', '1573567102', '2', '183.182.86.245'),
(31, '1', '5', 'ffff', 0, '1573567304', '1573567304', '2', '183.182.86.245'),
(32, '1', '5', 'ffff ttttttt', 0, '1573567318', '1573567318', '2', '183.182.86.245'),
(33, '1', '5', 'fff', 0, '1573567358', '1573567358', '2', '183.182.86.245'),
(34, '1', '5', 'fff  tttttttttttt', 0, '1573567367', '1573567367', '2', '183.182.86.245'),
(35, '1', '5', 'fff  tttttttttttt tttttt', 0, '1573567380', '1573567380', '2', '183.182.86.245'),
(36, '1', '5', '555555555555', 0, '1573567447', '1573567447', '2', '183.182.86.245'),
(37, '1', '5', '111', 0, '1573567471', '1573567471', '2', '183.182.86.245'),
(38, '1', '5', 'resrrerw', 0, '1573567687', '1573567687', '2', '183.182.86.245');

-- --------------------------------------------------------

--
-- Table structure for table `department`
--

CREATE TABLE `department` (
  `id` int(11) NOT NULL,
  `name` varchar(150) NOT NULL,
  `added_on` varchar(150) NOT NULL,
  `added_by` varchar(150) NOT NULL,
  `status` int(11) NOT NULL DEFAULT '1' COMMENT '1=active,0=delete'
) ENGINE=InnoDB DEFAULT CHARSET=latin1;

--
-- Dumping data for table `department`
--

INSERT INTO `department` (`id`, `name`, `added_on`, `added_by`, `status`) VALUES
(1, 'Marketing', '', '', 1),
(2, 'Sales', '', '', 1);

-- --------------------------------------------------------

--
-- Table structure for table `designation`
--

CREATE TABLE `designation` (
  `id` int(11) NOT NULL,
  `department` varchar(50) NOT NULL,
  `name` varchar(150) NOT NULL,
  `status` int(11) NOT NULL DEFAULT '1' COMMENT '1=active,0=delete',
  `added_by` varchar(150) NOT NULL,
  `added_on` varchar(150) NOT NULL
) ENGINE=InnoDB DEFAULT CHARSET=latin1;

--
-- Dumping data for table `designation`
--

INSERT INTO `designation` (`id`, `department`, `name`, `status`, `added_by`, `added_on`) VALUES
(1, '1', 'Sales Officer', 1, '', ''),
(2, '1', 'Sales Executive', 1, '', ''),
(3, '1', 'Sales Manager', 1, '', ''),
(4, '2', 'Sales Executive', 1, '', ''),
(5, '2', 'Sales Officer', 1, '', ''),
(6, '2', 'Sales Manager', 1, '', '');

-- --------------------------------------------------------

--
-- Table structure for table `task`
--

CREATE TABLE `task` (
  `id` int(11) NOT NULL,
  `task_by` varchar(150) NOT NULL,
  `task_titile` varchar(400) NOT NULL,
  `task_category` varchar(150) NOT NULL,
  `description` longtext NOT NULL,
  `images` varchar(400) NOT NULL,
  `special_note` varchar(300) NOT NULL,
  `assign_to` varchar(150) NOT NULL,
  `start_date` varchar(150) NOT NULL,
  `start_time` varchar(150) NOT NULL,
  `status` int(11) NOT NULL DEFAULT '0' COMMENT '0=pending, 1=assign,2=ongoing,3=reject,4=done',
  `priority` int(11) NOT NULL COMMENT '0=normal,1=midium,2=high',
  `total_comment` int(11) NOT NULL,
  `dead_line_time` varchar(20) DEFAULT NULL,
  `added_on` int(11) NOT NULL,
  `check_in_date` int(11) NOT NULL,
  `in_time` int(11) NOT NULL,
  `check_out_date` int(11) NOT NULL,
  `out_time` int(11) NOT NULL,
  `dead_line_date` int(11) NOT NULL,
  `taskby_user_id` int(11) NOT NULL
) ENGINE=InnoDB DEFAULT CHARSET=latin1;

--
-- Dumping data for table `task`
--

INSERT INTO `task` (`id`, `task_by`, `task_titile`, `task_category`, `description`, `images`, `special_note`, `assign_to`, `start_date`, `start_time`, `status`, `priority`, `total_comment`, `dead_line_time`, `added_on`, `check_in_date`, `in_time`, `check_out_date`, `out_time`, `dead_line_date`, `taskby_user_id`) VALUES
(1, '5', 'task1', '', ' task 1 ', '', 'test', '2', '1573171200', '1573555733', 4, 1, 26, '1573563600', 1573544045, 1573291679, 1573210133, 1573291679, 1573210133, 1575072000, 2),
(2, '1', 'task2', '', 'task 2 ', '', '', '2', '1573171200', '1573210133', 0, 1, 2, '1573304400', 0, 0, 0, 0, 0, 1575072000, 0),
(3, '1', 'task3', '', 'task 3 ', '', '', '2', '1573171200', '1573210133', 0, 1, 4, '1573304400', 0, 0, 0, 0, 0, 1575072000, 0),
(4, '1', 'task4', '', 'task 4 ', '', '', '2', '1573171200', '1573210133', 0, 1, 1, '1573304400', 0, 0, 0, 0, 0, 1575072000, 0),
(5, '1', 'task5', '', 'task 5 ', '', '', '2', '1573171200', '1573210133', 0, 1, 0, '1573304400', 0, 0, 0, 0, 0, 1575072000, 0),
(6, '5', 'hdh', '', ' tttttttttt', '', 'ggg', '1', '1546300800', '1573304400', 0, 0, 0, '1573304400', 1573312830, 0, 0, 0, 0, 1575072000, 0),
(7, '5', 'hdh', '', ' tttttttttt', '', 'ggg', '2', '1546300800', '1573304400', 1, 0, 3, '1573304400', 1573563167, 1573291679, 1573210133, 1573291679, 1573210133, 1575072000, 2),
(8, '5', 'test 2', '', ' test', '', '333', '1,2', '1546300800', '1573520400', 0, 0, 0, '1573520400', 1573542888, 0, 0, 0, 0, 1577836800, 0),
(9, '5', 'test 2', '', '  test', '', '333', '1,2', '1546300800', '1573520400', 0, 0, 0, '1573520400', 1573543496, 0, 0, 0, 0, 1577836800, 0),
(10, '5', 'test 2', '', '  test', '', '333', '1,2', '1546300800', '1573520400', 0, 0, 0, '1573520400', 1573543862, 0, 0, 0, 0, 1577836800, 0),
(11, '5', 'test', '', '  task 1  df dfd ew', '', 'test 23', '1,2', '1573171200', '1573555733', 0, 0, 0, '1573563600', 1573544059, 0, 0, 0, 0, 1575072000, 0),
(12, '5', 'test', '', '  task 1  df dfd ew', '', 'test 23', '1,2', '1573171200', '1573555733', 0, 0, 0, '1573563600', 1573544063, 0, 0, 0, 0, 1575072000, 0),
(13, '5', 'test ', '', '   task 1  df dfd ew  ewe', '', 'test 23', '2', '1573171200', '1573555733', 0, 0, 0, '1573563600', 1573544080, 0, 0, 0, 0, 1575072000, 0),
(14, '5', 'test ', '', '   task 1  df dfd ew  ewe', '', 'test 23', '2', '1573171200', '1573555733', 0, 0, 0, '1573563600', 1573544085, 0, 0, 0, 0, 1575072000, 0),
(15, '5', 'test', '', '  task 1  df dfd ew', '', 'test 23', '1,2', '1573171200', '1573555733', 0, 0, 0, '1573563600', 1573547045, 0, 0, 0, 0, 1575072000, 0);

-- --------------------------------------------------------

--
-- Table structure for table `task_tracker`
--

CREATE TABLE `task_tracker` (
  `id` int(11) NOT NULL,
  `task_id` varchar(200) NOT NULL,
  `user_lat` varchar(200) NOT NULL,
  `user_long` varchar(200) NOT NULL,
  `added_on` varchar(150) NOT NULL,
  `user_id` int(11) NOT NULL
) ENGINE=InnoDB DEFAULT CHARSET=latin1;

--
-- Dumping data for table `task_tracker`
--

INSERT INTO `task_tracker` (`id`, `task_id`, `user_lat`, `user_long`, `added_on`, `user_id`) VALUES
(1, '1', '22.7172939', '75.8770155', '1573304840', 2),
(2, '1', '22.7172939', '75.8770155', '1573304845', 2),
(3, '1', '22.7172939', '75.8770155', '1573304851', 2),
(4, '1', '22.7172939', '75.8770155', '1573304856', 2),
(5, '1', '22.7172939', '75.8770155', '1573304862', 2),
(6, '1', '22.7172939', '75.8770155', '1573304867', 2),
(7, '1', '22.7172939', '75.8770155', '1573304873', 2),
(8, '1', '22.7172939', '75.8770155', '1573304878', 2),
(9, '1', '22.7172939', '75.8770155', '1573304884', 2),
(10, '1', '22.7172939', '75.8770155', '1573304889', 2),
(11, '1', '22.7172939', '75.8770155', '1573304895', 2),
(12, '1', '22.7172939', '75.8770155', '1573304900', 2),
(13, '1', '22.7172939', '75.8770155', '1573304907', 2),
(14, '1', '22.7172939', '75.8770155', '1573304911', 2),
(15, '1', '22.7172939', '75.8770155', '1573304917', 2),
(16, '1', '22.7172723', '75.8770056', '1573304924', 2),
(17, '1', '22.7172763', '75.8769942', '1573304929', 2),
(18, '1', '22.7172818', '75.8770225', '1573304935', 2),
(19, '1', '22.7172829', '75.8770203', '1573304940', 2),
(20, '1', '22.7172802', '75.8770024', '1573304946', 2),
(21, '1', '22.7172825', '75.8769993', '1573304950', 2),
(22, '1', '22.7172833', '75.8769994', '1573304955', 2),
(23, '1', '22.717306', '75.8768851', '1573304962', 2),
(24, '1', '22.7173175', '75.8768866', '1573304968', 2),
(25, '1', '22.7173202', '75.8768813', '1573304972', 2),
(26, '1', '22.7173202', '75.8768797', '1573304978', 2),
(27, '1', '22.717447', '75.8767555', '1573304985', 2),
(28, '1', '22.7174195', '75.8767758', '1573304990', 2),
(29, '1', '22.7174094', '75.8767897', '1573304994', 2),
(30, '1', '22.7174057', '75.8767946', '1573304999', 2),
(31, '1', '22.7173053', '75.8769175', '1573305008', 2),
(32, '1', '22.7172974', '75.8769408', '1573305012', 2),
(33, '1', '22.7172909', '75.876959', '1573305017', 2),
(34, '1', '22.7172888', '75.8769644', '1573305022', 2),
(35, '1', '22.7173152', '75.8770801', '1573305028', 2),
(36, '1', '22.7173226', '75.8769794', '1573305034', 2),
(37, '1', '22.7173246', '75.8769184', '1573305040', 2),
(38, '1', '22.7173248', '75.8768999', '1573305044', 2),
(39, '1', '22.7172903', '75.8769536', '1573305050', 2),
(40, '1', '22.7172793', '75.8769725', '1573305056', 2),
(41, '1', '22.7172815', '75.8769837', '1573305060', 2),
(42, '1', '22.7172841', '75.8769859', '1573305066', 2),
(43, '1', '22.7173076', '75.8771032', '1573305072', 2),
(44, '1', '22.7173091', '75.8771007', '1573305078', 2),
(45, '1', '22.7173042', '75.87709', '1573305082', 2),
(46, '1', '22.7173022', '75.8770867', '1573305087', 2),
(47, '1', '22.7172929', '75.8770162', '1573305095', 2),
(48, '1', '22.7172837', '75.8770406', '1573305099', 2),
(49, '1', '22.7172776', '75.8770612', '1573305103', 2),
(50, '1', '22.7172798', '75.877057', '1573305104', 2),
(51, '1', '22.7172801', '75.8770574', '1573305106', 2),
(52, '1', '22.7172805', '75.8770563', '1573305109', 2),
(53, '1', '22.7172798', '75.8770546', '1573305111', 2),
(54, '1', '22.7172796', '75.87705', '1573305112', 2),
(55, '1', '37.4219983', '-122.084', '1573305393', 2),
(56, '1', '37.4219983', '-122.084', '1573305404', 2),
(57, '1', '37.4219983', '-122.084', '1573305415', 2),
(58, '1', '37.4219983', '-122.084', '1573305426', 2),
(59, '1', '37.4219983', '-122.084', '1573305431', 2),
(60, '1', '37.4219983', '-122.084', '1573305437', 2),
(61, '1', '37.4219983', '-122.084', '1573305441', 2),
(62, '1', '37.4219983', '-122.084', '1573305445', 2),
(63, '1', '37.4219983', '-122.084', '1573305448', 2),
(64, '1', '37.4219983', '-122.084', '1573305452', 2),
(65, '1', '37.4219983', '-122.084', '1573305456', 2),
(66, '1', '37.4219983', '-122.084', '1573305459', 2),
(67, '1', '37.4219983', '-122.084', '1573305463', 2),
(68, '1', '37.4219983', '-122.084', '1573305467', 2),
(69, '1', '37.4219983', '-122.084', '1573305471', 2),
(70, '1', '37.4219983', '-122.084', '1573305474', 2),
(71, '1', '37.4219983', '-122.084', '1573305478', 2),
(72, '1', '37.4219983', '-122.084', '1573305481', 2),
(73, '1', '37.4219983', '-122.084', '1573305485', 2),
(74, '1', '37.4219983', '-122.084', '1573305489', 2),
(75, '1', '37.4219983', '-122.084', '1573305492', 2),
(76, '1', '37.4219983', '-122.084', '1573305496', 2),
(77, '1', '37.4219983', '-122.084', '1573305498', 2),
(78, '1', '37.4219983', '-122.084', '1573305501', 2),
(79, '1', '37.4219983', '-122.084', '1573305524', 2),
(80, '1', '37.4219983', '-122.084', '1573305531', 2),
(81, '1', '37.4219983', '-122.084', '1573305537', 2),
(82, '1', '37.4219983', '-122.084', '1573305542', 2),
(83, '1', '37.4219983', '-122.084', '1573305548', 2),
(84, '1', '37.4219983', '-122.084', '1573305553', 2),
(85, '1', '37.4219983', '-122.084', '1573305559', 2),
(86, '1', '37.4219983', '-122.084', '1573305564', 2),
(87, '1', '37.4219983', '-122.084', '1573305570', 2),
(88, '1', '37.4219983', '-122.084', '1573305575', 2),
(89, '1', '37.4219983', '-122.084', '1573305581', 2),
(90, '1', '37.4219983', '-122.084', '1573305586', 2),
(91, '1', '37.4219983', '-122.084', '1573305592', 2),
(92, '1', '37.4219983', '-122.084', '1573305597', 2),
(93, '1', '37.4219983', '-122.084', '1573305603', 2),
(94, '1', '37.4219983', '-122.084', '1573305608', 2),
(95, '1', '37.4219983', '-122.084', '1573305614', 2),
(96, '1', '37.4219983', '-122.084', '1573305619', 2),
(97, '1', '37.4219983', '-122.084', '1573305625', 2),
(98, '1', '37.4219983', '-122.084', '1573305630', 2),
(99, '1', '37.4219983', '-122.084', '1573305636', 2),
(100, '1', '37.4219983', '-122.084', '1573305641', 2),
(101, '1', '37.4219983', '-122.084', '1573305647', 2),
(102, '1', '37.4219983', '-122.084', '1573305652', 2),
(103, '1', '37.4219983', '-122.084', '1573306859', 2),
(104, '1', '37.4219983', '-122.084', '1573306881', 2),
(105, '1', '37.4219983', '-122.084', '1573306892', 2),
(106, '1', '37.4219983', '-122.084', '1573306912', 2),
(107, '1', '37.4219983', '-122.084', '1573306923', 2),
(108, '1', '37.4219983', '-122.084', '1573307279', 2),
(109, '1', '37.4219983', '-122.084', '1573307290', 2),
(110, '1', '37.4219983', '-122.084', '1573309018', 2),
(111, '1', '37.4219983', '-122.084', '1573309029', 2),
(112, '1', '37.4219983', '-122.084', '1573309073', 2),
(113, '1', '37.4219983', '-122.084', '1573309084', 2),
(114, '1', '37.4219983', '-122.084', '1573309142', 2),
(115, '1', '37.4219983', '-122.084', '1573309153', 2),
(116, '1', '37.4219983', '-122.084', '1573309164', 2),
(117, '1', '37.4219983', '-122.084', '1573309242', 2),
(118, '1', '37.4219983', '-122.084', '1573309253', 2),
(119, '1', '37.4219983', '-122.084', '1573309264', 2),
(120, '1', '37.4219983', '-122.084', '1573309322', 2),
(121, '1', '37.4219983', '-122.084', '1573309333', 2),
(122, '1', '37.4219983', '-122.084', '1573309394', 2),
(123, '1', '37.4219983', '-122.084', '1573310251', 2),
(124, '2', '37.4219983', '-122.084', '1573310581', 2),
(125, '2', '37.4219983', '-122.084', '1573310592', 2),
(126, '2', '37.4219983', '-122.084', '1573310603', 2),
(127, '7', '22.717287', '75.877042', '1573554330', 2),
(128, '7', '22.717287', '75.877042', '1573554342', 2),
(129, '7', '22.717287', '75.877042', '1573554353', 2),
(130, '7', '22.717287', '75.877042', '1573554363', 2),
(131, '7', '22.717287', '75.877042', '1573554374', 2),
(132, '7', '22.717287', '75.877042', '1573554419', 2),
(133, '7', '22.717287', '75.877042', '1573554430', 2),
(134, '7', '22.717287', '75.877042', '1573554500', 2),
(135, '7', '22.717287', '75.877042', '1573554511', 2),
(136, '7', '22.717287', '75.877042', '1573554538', 2),
(137, '7', '22.717287', '75.877042', '1573554549', 2),
(138, '7', '22.717287', '75.877042', '1573554653', 2),
(139, '7', '22.717287', '75.877042', '1573554664', 2),
(140, '7', '22.717287', '75.877042', '1573554675', 2),
(141, '7', '22.717287', '75.877042', '1573554686', 2),
(142, '7', '22.717287', '75.877042', '1573554697', 2),
(143, '7', '22.717287', '75.877042', '1573554708', 2),
(144, '7', '22.717287', '75.877042', '1573554719', 2),
(145, '7', '22.7172611', '75.8769913', '1573555869', 2),
(146, '7', '22.7172611', '75.8769913', '1573555880', 2),
(147, '7', '22.7172611', '75.8769913', '1573555887', 2),
(148, '7', '22.7172611', '75.8769913', '1573555895', 2),
(149, '7', '22.7172611', '75.8769913', '1573555900', 2),
(150, '7', '22.7172611', '75.8769913', '1573555906', 2),
(151, '7', '22.7172611', '75.8769913', '1573555916', 2),
(152, '7', '22.7174028', '75.8768534', '1573559902', 2),
(153, '7', '22.7174143', '75.8768463', '1573559906', 2),
(154, '7', '22.7174198', '75.8768484', '1573559908', 2),
(155, '7', '22.7174107', '75.8768194', '1573559912', 2),
(156, '7', '22.7174107', '75.8768194', '1573559912', 2),
(157, '7', '22.7174107', '75.8768194', '1573559914', 2),
(158, '7', '22.7174995', '75.8767746', '1573559917', 2),
(159, '7', '22.7174995', '75.8767746', '1573559921', 2),
(160, '7', '22.7174995', '75.8767746', '1573559923', 2),
(161, '7', '22.7174995', '75.8767746', '1573559926', 2),
(162, '7', '22.7174995', '75.8767746', '1573559928', 2),
(163, '7', '22.7174995', '75.8767746', '1573559931', 2),
(164, '7', '22.7174995', '75.8767746', '1573559934', 2),
(165, '7', '22.7174995', '75.8767746', '1573559937', 2),
(166, '7', '22.7174995', '75.8767746', '1573559939', 2),
(167, '7', '22.7174995', '75.8767746', '1573559942', 2),
(168, '7', '22.7174995', '75.8767746', '1573559945', 2),
(169, '7', '22.7174995', '75.8767746', '1573559948', 2),
(170, '7', '22.7174995', '75.8767746', '1573559950', 2),
(171, '7', '22.7174995', '75.8767746', '1573559953', 2),
(172, '7', '22.7174995', '75.8767746', '1573559956', 2),
(173, '7', '22.7174995', '75.8767746', '1573559959', 2),
(174, '7', '22.7174995', '75.8767746', '1573559962', 2),
(175, '7', '22.7174995', '75.8767746', '1573559964', 2),
(176, '7', '22.7174995', '75.8767746', '1573559967', 2),
(177, '7', '22.7174995', '75.8767746', '1573559969', 2),
(178, '7', '22.7174995', '75.8767746', '1573559973', 2),
(179, '7', '22.7174995', '75.8767746', '1573559976', 2),
(180, '7', '22.7174995', '75.8767746', '1573559982', 2),
(181, '7', '37.4219983', '-122.084', '1573562303', 2),
(182, '7', '37.4219983', '-122.084', '1573562314', 2),
(183, '7', '37.4219983', '-122.084', '1573562325', 2),
(184, '7', '37.4219983', '-122.084', '1573562586', 2),
(185, '7', '37.4219983', '-122.084', '1573562597', 2),
(186, '7', '22.7172823', '75.8769993', '1573562759', 2),
(187, '7', '22.7172823', '75.8769993', '1573562800', 2),
(188, '7', '22.7172823', '75.8769993', '1573562806', 2),
(189, '7', '22.7172823', '75.8769993', '1573562811', 2),
(190, '7', '22.7172823', '75.8769993', '1573562816', 2),
(191, '7', '22.7172823', '75.8769993', '1573562822', 2),
(192, '7', '22.717258', '75.8769981', '1573562833', 2),
(193, '7', '22.717258', '75.8769981', '1573563180', 2),
(194, '7', '22.717258', '75.8769981', '1573563191', 2),
(195, '7', '22.717258', '75.8769981', '1573563201', 2),
(196, '7', '22.717258', '75.8769981', '1573563213', 2),
(197, '7', '22.717258', '75.8769981', '1573563224', 2);

-- --------------------------------------------------------

--
-- Table structure for table `users`
--

CREATE TABLE `users` (
  `id` int(11) NOT NULL,
  `first_name` varchar(150) DEFAULT NULL,
  `last_name` varchar(150) DEFAULT NULL,
  `full_name` varchar(300) NOT NULL,
  `country_code` varchar(50) DEFAULT NULL,
  `phone` varchar(100) NOT NULL,
  `email` varchar(150) NOT NULL,
  `password` varchar(500) NOT NULL,
  `md_5` varchar(500) NOT NULL,
  `profile_img` varchar(500) NOT NULL,
  `document_name` varchar(200) DEFAULT NULL,
  `document_no` varchar(200) DEFAULT NULL,
  `document_front` varchar(300) DEFAULT NULL,
  `document_back` varchar(300) DEFAULT NULL,
  `added_by` varchar(150) DEFAULT NULL,
  `added_on` varchar(150) NOT NULL,
  `update_by` varchar(100) DEFAULT NULL,
  `update_on` varchar(150) DEFAULT NULL,
  `last_login` varchar(150) NOT NULL,
  `login_ip` varchar(150) NOT NULL,
  `department` varchar(100) DEFAULT NULL,
  `designation` varchar(100) DEFAULT NULL,
  `hiring_date` varchar(150) DEFAULT NULL,
  `joining_date` varchar(150) DEFAULT NULL,
  `work_hour` varchar(150) DEFAULT NULL,
  `status` int(1) NOT NULL COMMENT '0=not verify,1=verify,2=block,4=delete',
  `user_type` int(11) NOT NULL COMMENT '1=super admin,2=creat by admin,3 =user	',
  `forgot_pass_link` varchar(255) NOT NULL
) ENGINE=InnoDB DEFAULT CHARSET=latin1;

--
-- Dumping data for table `users`
--

INSERT INTO `users` (`id`, `first_name`, `last_name`, `full_name`, `country_code`, `phone`, `email`, `password`, `md_5`, `profile_img`, `document_name`, `document_no`, `document_front`, `document_back`, `added_by`, `added_on`, `update_by`, `update_on`, `last_login`, `login_ip`, `department`, `designation`, `hiring_date`, `joining_date`, `work_hour`, `status`, `user_type`, `forgot_pass_link`) VALUES
(1, 'Sukhdev', 'Pawar', 'Sukhdev Pawar', '', '79860022', 'sukhdev@gmail.com', 'e10adc3949ba59abbe56e057f20f883e', '123456', '', '', '', '', '', '', '1573132052', '', '1573134997', '', '', '', '1', '', '', '16', 1, 3, ''),
(2, 'Abhilash', 'JOhri', 'Abhialsh johri', '', '79860022', 'abhilash@gmail.com', 'e10adc3949ba59abbe56e057f20f883e', '123456', '', '', '', '', '', '', '1573132074', '', '', '', '', '', '1', '', '', '16', 1, 3, ''),
(3, 'sdsd', 'ds', 'sdsd ds', '', 'ds', 'ds', 'e10adc3949ba59abbe56e057f20f883e', '123456', '', '', '', '', '', '', '1573132273', '', '1573134188', '', '', '', '1', '', '', 'Select Working hour', 4, 3, ''),
(4, 'Sukhdev ', 'Pawar', 'Sukhdev Pawar', NULL, '9179860022', 'sukhdev@gmail.com', 'e10adc3949ba59abbe56e057f20f883e', '123456', '', NULL, NULL, NULL, NULL, NULL, '', NULL, NULL, '', '', NULL, NULL, NULL, NULL, NULL, 1, 1, ''),
(5, 'Pranay ', 'Patodi', 'Pranay Patodi', NULL, '+1 725648122', 'pranay@gmail.com', 'e10adc3949ba59abbe56e057f20f883e', '123456', '', NULL, NULL, NULL, NULL, NULL, '', NULL, NULL, '', '', NULL, NULL, NULL, NULL, NULL, 1, 1, ''),
(6, 'Abhilash', 'JOhri', 'Abhialsh johri', '', '79860022', 'mmf.abhilash1081@gmail.com', 'e10adc3949ba59abbe56e057f20f883e', '123456', '', '', '', '', '', '', '1573132074', '', '1573549728', '', '', '', '1', '', '', '16', 1, 3, 'B7NqbRAtaQ6VPs50Iomc6');

--
-- Indexes for dumped tables
--

--
-- Indexes for table `alot_city`
--
ALTER TABLE `alot_city`
  ADD PRIMARY KEY (`id`);

--
-- Indexes for table `auth`
--
ALTER TABLE `auth`
  ADD PRIMARY KEY (`id`),
  ADD KEY `user_id` (`user_id`);

--
-- Indexes for table `check_in_out`
--
ALTER TABLE `check_in_out`
  ADD PRIMARY KEY (`id`),
  ADD KEY `user_id` (`user_id`);

--
-- Indexes for table `comments`
--
ALTER TABLE `comments`
  ADD PRIMARY KEY (`id`);

--
-- Indexes for table `department`
--
ALTER TABLE `department`
  ADD PRIMARY KEY (`id`);

--
-- Indexes for table `designation`
--
ALTER TABLE `designation`
  ADD PRIMARY KEY (`id`);

--
-- Indexes for table `task`
--
ALTER TABLE `task`
  ADD PRIMARY KEY (`id`);

--
-- Indexes for table `task_tracker`
--
ALTER TABLE `task_tracker`
  ADD PRIMARY KEY (`id`);

--
-- Indexes for table `users`
--
ALTER TABLE `users`
  ADD PRIMARY KEY (`id`);

--
-- AUTO_INCREMENT for dumped tables
--

--
-- AUTO_INCREMENT for table `alot_city`
--
ALTER TABLE `alot_city`
  MODIFY `id` int(11) NOT NULL AUTO_INCREMENT;

--
-- AUTO_INCREMENT for table `auth`
--
ALTER TABLE `auth`
  MODIFY `id` int(11) NOT NULL AUTO_INCREMENT, AUTO_INCREMENT=4;

--
-- AUTO_INCREMENT for table `check_in_out`
--
ALTER TABLE `check_in_out`
  MODIFY `id` int(11) NOT NULL AUTO_INCREMENT, AUTO_INCREMENT=35;

--
-- AUTO_INCREMENT for table `comments`
--
ALTER TABLE `comments`
  MODIFY `id` int(11) NOT NULL AUTO_INCREMENT, AUTO_INCREMENT=39;

--
-- AUTO_INCREMENT for table `department`
--
ALTER TABLE `department`
  MODIFY `id` int(11) NOT NULL AUTO_INCREMENT, AUTO_INCREMENT=3;

--
-- AUTO_INCREMENT for table `designation`
--
ALTER TABLE `designation`
  MODIFY `id` int(11) NOT NULL AUTO_INCREMENT, AUTO_INCREMENT=7;

--
-- AUTO_INCREMENT for table `task`
--
ALTER TABLE `task`
  MODIFY `id` int(11) NOT NULL AUTO_INCREMENT, AUTO_INCREMENT=16;

--
-- AUTO_INCREMENT for table `task_tracker`
--
ALTER TABLE `task_tracker`
  MODIFY `id` int(11) NOT NULL AUTO_INCREMENT, AUTO_INCREMENT=198;

--
-- AUTO_INCREMENT for table `users`
--
ALTER TABLE `users`
  MODIFY `id` int(11) NOT NULL AUTO_INCREMENT, AUTO_INCREMENT=7;
COMMIT;

/*!40101 SET CHARACTER_SET_CLIENT=@OLD_CHARACTER_SET_CLIENT */;
/*!40101 SET CHARACTER_SET_RESULTS=@OLD_CHARACTER_SET_RESULTS */;
/*!40101 SET COLLATION_CONNECTION=@OLD_COLLATION_CONNECTION */;
